{
    "multipart": [
        {   "apply": { "model": "block/glass/pane/stained/lime/post_ends" }},
        {   "when": { "OR": [
            {"north": true, "east": true, "south": true},
            {"north": true, "east": true, "west": true},
            {"east": true, "south": true, "west": true},
            {"north": true, "south": true, "west": true},
            {"north": false, "east": false, "south": false},
            {"north": false, "east": false, "west": false},
            {"east": false, "south": false, "west": false},
            {"north": false, "south": false, "west": false}
        ]},
            "apply": { "model": "block/glass/pane/stained/lime/post" }
        },
        {   "when": { "north": true },
            "apply": { "model": "block/glass/pane/stained/lime/side" }
        },
        {   "when": { "east": true },
            "apply": { "model": "block/glass/pane/stained/lime/side", "y": 90 }
        },
        {   "when": { "south": true },
            "apply": { "model": "block/glass/pane/stained/lime/side", "y": 180 }
        },
        {   "when": { "west": true },
            "apply": { "model": "block/glass/pane/stained/lime/side", "y": 270 }
        }
    ]
}
