{
	"credit": "Made by leagris for Soartex Fanver, with Blockbench, a free, modern block model editor by JannisX11",
	"ambientocclusion": false,
	"textures": {"texture": "block/rail", "particle": "block/rail", "rail_parts": "block/rail/rail_parts"},
	"elements": [
		{
			"name": "cube",
			"from": [10.525, 0.5, 2.75],
			"to": [16, 1.5019, 3],
			"faces": {
				"north": {"uv": [0.016, 15.016, 5.475, 15.984], "texture": "#rail_parts"},
				"east": {"uv": [13.016, 0.016, 13.234, 0.984], "texture": "#texture"},
				"up": {"uv": [2.766, 0.016, 2.984, 5.475], "texture": "#texture", "rotation": 90},
				"down": {"uv": [13.016, 0.016, 13.234, 5.475], "texture": "#texture", "rotation": 90}
			},
			"type": "cube"
		},
		{
			"name": "cube",
			"from": [14.225, 0.5, 11.75],
			"to": [16, 1.5019, 12],
			"faces": {
				"north": {"uv": [0.016, 15.016, 1.734, 15.984], "texture": "#rail_parts"},
				"east": {"uv": [4.016, 15.016, 4.234, 15.984], "texture": "#texture"},
				"up": {"uv": [11.766, 0.016, 11.984, 1.734], "texture": "#texture", "rotation": 90},
				"down": {"uv": [4.016, 0.016, 4.234, 1.734], "texture": "#texture", "rotation": 90}
			},
			"type": "cube"
		},
		{
			"name": "cube",
			"from": [12.75, 0.0009, 1.5],
			"to": [15, 1.001, 13.5],
			"faces": {
				"north": {"uv": [13.016, 9.016, 15.234, 9.984], "texture": "#rail_parts"},
				"east": {"uv": [1.016, 9.016, 12.984, 9.984], "texture": "#rail_parts"},
				"west": {"uv": [0.016, 9.016, 11.984, 9.984], "texture": "#rail_parts"},
				"up": {"uv": [0.016, 0.016, 11.9672, 2.2172], "texture": "#rail_parts", "rotation": 90},
				"down": {"uv": [1.016, 0.016, 12.9672, 2.2172], "texture": "#rail_parts", "rotation": 90}
			},
			"type": "cube"
		},
		{
			"name": "cube",
			"from": [2, 1, 13.5],
			"to": [2.75, 1.25, 14.25],
			"faces": {
				"north": {"uv": [2.016, 14.266, 2.234, 14.484], "texture": "#texture"},
				"south": {"uv": [2.016, 14.266, 2.234, 14.484], "texture": "#texture"},
				"west": {"uv": [2.016, 14.266, 2.234, 14.484], "texture": "#texture"},
				"up": {"uv": [2.016, 13.766, 2.7178, 14.4678], "texture": "#texture"}
			},
			"type": "cube"
		},
		{
			"name": "cube",
			"from": [13.5, 1, 2],
			"to": [14.25, 1.25, 2.75],
			"faces": {
				"north": {"uv": [2.016, 14.266, 2.234, 14.484], "texture": "#texture"},
				"east": {"uv": [2.016, 14.266, 2.234, 14.484], "texture": "#texture"},
				"west": {"uv": [2.016, 14.266, 2.234, 14.484], "texture": "#texture"},
				"up": {"uv": [2.016, 13.766, 2.734, 14.484], "texture": "#texture", "rotation": 270}
			},
			"type": "cube"
		},
		{
			"name": "cube",
			"from": [2.75, 0.5, 10.525],
			"to": [3, 1.5019, 16],
			"faces": {
				"south": {"uv": [2.766, 15.016, 2.984, 15.984], "texture": "#texture"},
				"west": {"uv": [0.016, 15.016, 5.475, 15.984], "texture": "#rail_parts"},
				"up": {"uv": [2.766, 10.525, 2.984, 15.984], "texture": "#texture"},
				"down": {"uv": [2.766, 0.016, 2.984, 5.475], "texture": "#texture"}
			},
			"type": "cube"
		},
		{
			"name": "cube",
			"from": [1.5, 0.0009, 12.75],
			"to": [13.75, 1.001, 15],
			"faces": {
				"north": {"uv": [0.016, 9.016, 12.234, 9.984], "texture": "#rail_parts"},
				"south": {"uv": [0.016, 9.016, 12.234, 9.984], "texture": "#rail_parts"},
				"west": {"uv": [13.016, 9.016, 15.234, 9.984], "texture": "#rail_parts"},
				"up": {"uv": [0.016, 6.766, 12.234, 8.984], "texture": "#rail_parts"},
				"down": {"uv": [0, 8.968, 12.218, 6.75], "texture": "#rail_parts"}
			},
			"type": "cube"
		},
		{
			"name": "cube",
			"from": [11.75, 0.5, 14.225],
			"to": [12, 1.5019, 16],
			"faces": {
				"north": {"uv": [0, 14.9981, 0.25, 16], "texture": "#rail_parts"},
				"south": {"uv": [11.766, 15.016, 11.984, 15.984], "texture": "#texture"},
				"west": {"uv": [0.016, 15.016, 1.775, 15.984], "texture": "#rail_parts"},
				"up": {"uv": [11.766, 14.225, 11.984, 15.984], "texture": "#texture"},
				"down": {"uv": [11.766, 0.016, 11.984, 1.775], "texture": "#texture"}
			},
			"type": "cube"
		},
		{
			"name": "cube",
			"from": [12.875, 0, 2.325],
			"to": [15.125, 1.002, 15.325],
			"faces": {
				"north": {"uv": [13.016, 9.016, 15.234, 9.984], "texture": "#rail_parts"},
				"east": {"uv": [0.016, 9.016, 12.984, 9.984], "texture": "#rail_parts"},
				"south": {"uv": [13.016, 9.016, 15.234, 9.984], "texture": "#rail_parts"},
				"west": {"uv": [0.016, 9.016, 12.984, 9.984], "texture": "#rail_parts"},
				"up": {"uv": [0.016, 2.266, 12.984, 4.484], "texture": "#rail_parts", "rotation": 90},
				"down": {"uv": [0.016, 2.266, 12.984, 4.484], "texture": "#rail_parts", "rotation": 90}
			},
			"rotation": {"origin": [14, 0.5, 14], "axis": "y", "angle": 45},
			"type": "cube"
		},
		{
			"name": "cube",
			"from": [3.575, 0.5, 8.5],
			"to": [5.075, 1.5, 19.5],
			"faces": {
				"north": {"uv": [11.75, 15, 13.25, 16], "texture": "#rail_parts"},
				"east": {"uv": [0.125, 15.016, 11.125, 15.984], "texture": "#rail_parts"},
				"south": {"uv": [2.766, 15.016, 4.234, 15.984], "texture": "#texture"},
				"west": {"uv": [0.125, 15.016, 11.125, 15.984], "texture": "#rail_parts"},
				"up": {"uv": [2.766, 1.125, 4.234, 12.125], "texture": "#texture"},
				"down": {"uv": [2.766, 0.125, 4.234, 11.125], "texture": "#texture"}
			},
			"rotation": {"origin": [14, 1, 14], "axis": "y", "angle": -45},
			"type": "cube"
		},
		{
			"name": "cube",
			"from": [2.875, 0.75, 13.5],
			"to": [3.625, 1.25, 14.25],
			"faces": {
				"north": {"uv": [2.016, 14.266, 2.234, 14.484], "texture": "#texture"},
				"south": {"uv": [2.016, 14.266, 2.234, 14.484], "texture": "#texture"},
				"west": {"uv": [2.016, 14.266, 2.234, 14.484], "texture": "#texture"},
				"up": {"uv": [2.016, 13.766, 2.7178, 14.4678], "texture": "#texture"}
			},
			"rotation": {"origin": [13.875, 0.75, 13.875], "axis": "y", "angle": -45},
			"type": "cube"
		},
		{
			"name": "cube",
			"from": [11.75, 0.5, 14.25],
			"to": [13.25, 1.5, 17.75],
			"faces": {
				"north": {"uv": [2.75, 15, 4.25, 16], "texture": "#texture"},
				"east": {"uv": [0.125, 15.016, 3.625, 15.984], "texture": "#rail_parts"},
				"south": {"uv": [11.75, 0, 13.25, 1], "texture": "#texture"},
				"west": {"uv": [0.125, 15.016, 3.625, 15.984], "texture": "#rail_parts"},
				"up": {"uv": [11.766, 10.125, 13.234, 13.625], "texture": "#texture"},
				"down": {"uv": [4.218, 15.968, 2.766, 14.016], "texture": "#texture"}
			},
			"rotation": {"origin": [16, 1, 16], "axis": "y", "angle": -45},
			"type": "cube"
		},
		{
			"name": "cube",
			"from": [14.125, 1, 13.5],
			"to": [14.875, 1.25, 14.25],
			"faces": {
				"north": {"uv": [2.016, 14.266, 2.234, 14.484], "texture": "#texture"},
				"east": {"uv": [2.016, 14.266, 2.234, 14.484], "texture": "#texture"},
				"south": {"uv": [2.016, 14.266, 2.234, 14.484], "texture": "#texture"},
				"up": {"uv": [2.016, 13.766, 2.734, 14.484], "texture": "#texture", "rotation": 180}
			},
			"rotation": {"origin": [13.875, 0.75, 13.875], "axis": "y", "angle": -45},
			"type": "cube"
		},
		{
			"name": "cube",
			"from": [3, 0.5, 10.65],
			"to": [3.25, 1.5019, 16],
			"faces": {"south": {"uv": [3.016, 15.016, 3.234, 15.984], "texture": "#texture"}, "up": {"uv": [3.016, 10.65, 3.234, 15.984], "texture": "#texture"}, "down": {"uv": [3.016, 0.016, 3.234, 5.35], "texture": "#texture"}},
			"type": "cube"
		},
		{
			"name": "cube",
			"from": [3.25, 0.5, 10.75],
			"to": [3.5, 1.5019, 16],
			"faces": {"south": {"uv": [3.266, 15.016, 3.484, 15.984], "texture": "#texture"}, "up": {"uv": [3.266, 10.766, 3.484, 15.984], "texture": "#texture"}, "down": {"uv": [3.266, 0.016, 3.484, 5.234], "texture": "#texture"}},
			"type": "cube"
		},
		{
			"name": "cube",
			"from": [3.5, 0.5, 10.9],
			"to": [3.75, 1.5019, 16],
			"faces": {"south": {"uv": [3.516, 15.016, 3.734, 15.984], "texture": "#texture"}, "up": {"uv": [3.516, 10.9, 3.734, 15.984], "texture": "#texture"}, "down": {"uv": [3.516, 0.016, 3.734, 5.1], "texture": "#texture"}},
			"type": "cube"
		},
		{
			"name": "cube",
			"from": [3.75, 0.5, 11],
			"to": [4, 1.5019, 16],
			"faces": {"south": {"uv": [3.766, 15.016, 3.984, 15.984], "texture": "#texture"}, "up": {"uv": [3.766, 11.016, 3.984, 15.984], "texture": "#texture"}, "down": {"uv": [3.766, 0.016, 3.984, 4.984], "texture": "#texture"}},
			"type": "cube"
		},
		{
			"name": "cube",
			"from": [4, 0.5, 11.125],
			"to": [4.25, 1.5019, 16],
			"faces": {
				"east": {"uv": [0.016, 15.016, 4.875, 15.984], "texture": "#rail_parts"},
				"south": {"uv": [4.016, 15.016, 4.234, 15.984], "texture": "#texture"},
				"up": {"uv": [4.016, 11.125, 4.234, 15.984], "texture": "#texture"},
				"down": {"uv": [4.016, 0.016, 4.234, 4.875], "texture": "#texture"}
			},
			"type": "cube"
		},
		{
			"name": "cube",
			"from": [10.625, 0.5, 3],
			"to": [16, 1.5019, 3.25],
			"faces": {
				"east": {"uv": [12.766, 0.016, 12.984, 0.984], "texture": "#texture"},
				"up": {"uv": [12.016, 5.516, 12.234, 10.875], "texture": "#texture", "rotation": 90},
				"down": {"uv": [12.766, 0.016, 12.984, 5.375], "texture": "#texture", "rotation": 90}
			},
			"type": "cube"
		},
		{
			"name": "cube",
			"from": [10.8, 0.5, 3.25],
			"to": [16, 1.5019, 3.5],
			"faces": {"east": {"uv": [12.516, 0.016, 12.734, 0.984], "texture": "#texture"}, "up": {"uv": [12.266, 0.266, 12.484, 5.45], "texture": "#texture", "rotation": 90}, "down": {"uv": [12.516, 0.016, 12.734, 5.2], "texture": "#texture", "rotation": 90}},
			"type": "cube"
		},
		{
			"name": "cube",
			"from": [10.875, 0.5, 3.5],
			"to": [16, 1.5019, 3.75],
			"faces": {
				"east": {"uv": [12.266, 0.016, 12.484, 0.984], "texture": "#texture"},
				"up": {"uv": [12.516, 0.016, 12.734, 5.125], "texture": "#texture", "rotation": 90},
				"down": {"uv": [12.266, 0.016, 12.484, 5.125], "texture": "#texture", "rotation": 90}
			},
			"type": "cube"
		},
		{
			"name": "cube",
			"from": [10.975, 0.5, 3.75],
			"to": [16, 1.5019, 4],
			"faces": {"east": {"uv": [12.016, 0.016, 12.234, 0.984], "texture": "#texture"}, "up": {"uv": [3.766, 0.266, 3.984, 5.275], "texture": "#texture", "rotation": 90}, "down": {"uv": [12.016, 0.016, 12.234, 5.025], "texture": "#texture", "rotation": 90}},
			"type": "cube"
		},
		{
			"name": "cube",
			"from": [11.01, 0.5, 4],
			"to": [16, 1.5019, 4.25],
			"faces": {
				"east": {"uv": [11.766, 0.016, 11.984, 0.984], "texture": "#texture"},
				"south": {"uv": [0.016, 15.016, 4.984, 15.984], "texture": "#rail_parts"},
				"up": {"uv": [4.016, 0.016, 4.234, 4.9], "texture": "#texture", "rotation": 90},
				"down": {"uv": [11.766, 0.016, 11.984, 4.9], "texture": "#texture", "rotation": 90}
			},
			"type": "cube"
		},
		{
			"name": "cube",
			"from": [12, 0.5, 14.425],
			"to": [12.25, 1.5019, 16],
			"faces": {"south": {"uv": [12.016, 15.016, 12.234, 15.984], "texture": "#texture"}, "up": {"uv": [12.016, 14.425, 12.234, 15.984], "texture": "#texture"}, "down": {"uv": [12.016, 0.016, 12.234, 1.575000000000001], "texture": "#texture"}},
			"type": "cube"
		},
		{
			"name": "cube",
			"from": [12.25, 0.5, 14.525],
			"to": [12.5, 1.5019, 16],
			"faces": {"south": {"uv": [12.266, 15.016, 12.484, 15.984], "texture": "#texture"}, "up": {"uv": [12.266, 14.525, 12.484, 15.984], "texture": "#texture"}, "down": {"uv": [12.266, 0.016, 12.484, 1.4750000000000014], "texture": "#texture"}},
			"type": "cube"
		},
		{
			"name": "cube",
			"from": [12.5, 0.5, 14.625],
			"to": [12.75, 1.5019, 16],
			"faces": {"south": {"uv": [12.516, 15.016, 12.734, 15.984], "texture": "#texture"}, "up": {"uv": [12.516, 14.625, 12.734, 15.984], "texture": "#texture"}, "down": {"uv": [12.516, 0.016, 12.734, 1.3750000000000018], "texture": "#texture"}},
			"type": "cube"
		},
		{
			"name": "cube",
			"from": [12.75, 0.5, 14.725],
			"to": [13, 1.5019, 16],
			"faces": {"south": {"uv": [12.766, 15.016, 12.984, 15.984], "texture": "#texture"}, "up": {"uv": [12.766, 14.725, 12.984, 15.984], "texture": "#texture"}, "down": {"uv": [12.766, 0.016, 12.984, 1.2750000000000021], "texture": "#texture"}},
			"type": "cube"
		},
		{
			"name": "cube",
			"from": [13, 0.5, 14.825],
			"to": [13.25, 1.5019, 16],
			"faces": {
				"east": {"uv": [0.016, 15.016, 1.175, 15.984], "texture": "#rail_parts"},
				"south": {"uv": [13.016, 15.016, 13.234, 15.984], "texture": "#texture"},
				"up": {"uv": [13.016, 14.825, 13.234, 15.984], "texture": "#texture"},
				"down": {"uv": [13.016, 0.016, 13.234, 1.175], "texture": "#texture"}
			},
			"type": "cube"
		},
		{
			"name": "cube",
			"from": [14.35, 0.5, 12],
			"to": [16, 1.5019, 12.25],
			"faces": {"east": {"uv": [3.766, 15.016, 3.984, 15.984], "texture": "#texture"}, "up": {"uv": [12.016, 0.016, 12.234, 1.65], "texture": "#texture", "rotation": 90}, "down": {"uv": [3.766, 0.016, 3.984, 1.65], "texture": "#texture", "rotation": 90}},
			"type": "cube"
		},
		{
			"name": "cube",
			"from": [14.45, 0.5, 12.25],
			"to": [16, 1.5019, 12.5],
			"faces": {"east": {"uv": [3.516, 15.016, 3.734, 15.984], "texture": "#texture"}, "up": {"uv": [12.266, 0.016, 12.484, 1.55], "texture": "#texture", "rotation": 90}, "down": {"uv": [3.516, 0.016, 3.734, 1.55], "texture": "#texture", "rotation": 90}},
			"type": "cube"
		},
		{
			"name": "cube",
			"from": [14.575, 0.5, 12.5],
			"to": [16, 1.5019, 12.75],
			"faces": {"east": {"uv": [3.266, 15.016, 3.484, 15.984], "texture": "#texture"}, "up": {"uv": [12.516, 0.016, 12.734, 1.425], "texture": "#texture", "rotation": 90}, "down": {"uv": [3.266, 0.016, 3.484, 1.425], "texture": "#texture", "rotation": 90}},
			"type": "cube"
		},
		{
			"name": "cube",
			"from": [14.675, 0.5, 12.75],
			"to": [16, 1.5019, 13],
			"faces": {"east": {"uv": [3.016, 15.016, 3.234, 15.984], "texture": "#texture"}, "up": {"uv": [12.766, 0.016, 12.984, 1.325], "texture": "#texture", "rotation": 90}, "down": {"uv": [3.016, 0.016, 3.234, 1.325], "texture": "#texture", "rotation": 90}},
			"type": "cube"
		},
		{
			"name": "cube",
			"from": [14.8, 0.5, 13],
			"to": [16, 1.5019, 13.25],
			"faces": {
				"east": {"uv": [2.766, 15.016, 2.984, 15.984], "texture": "#texture"},
				"south": {"uv": [14.766, 15.016, 15.95, 15.984], "texture": "#rail_parts"},
				"up": {"uv": [13.016, 0.016, 13.234, 1.2], "texture": "#texture", "rotation": 90},
				"down": {"uv": [2.766, 0.016, 2.984, 1.2], "texture": "#texture", "rotation": 90}
			},
			"type": "cube"
		}
	]
}
