{
	"credit": "Made by leagris for Soartex Fanver, with Blockbench, a free, modern block model editor by JannisX11",
	"ambientocclusion": false,
	"textures": {"texture": "block/rail", "particle": "block/rail", "rail_parts": "block/rail/rail_parts"},
	"elements": [
		{
			"name": "cube",
			"from": [0, 0.4999, 2.75],
			"to": [5.475, 1.5019, 3],
			"faces": {
				"north": {"uv": [5.475, 15.016, 0.016, 15.984], "texture": "#rail_parts"},
				"west": {"uv": [13.234, 0.016, 13.016, 0.984], "texture": "#texture"},
				"up": {"uv": [2.984, 0.016, 2.766, 5.475], "texture": "#texture", "rotation": 90},
				"down": {"uv": [13.234, 0.016, 13.016, 5.475], "texture": "#texture", "rotation": 90}
			},
			"type": "cube"
		},
		{
			"name": "cube",
			"from": [0, 0.4999, 11.75],
			"to": [1.775, 1.5019, 12],
			"faces": {
				"north": {"uv": [1.734, 15.016, 0.016, 15.984], "texture": "#rail_parts"},
				"west": {"uv": [4.234, 15.016, 4.016, 15.984], "texture": "#texture"},
				"up": {"uv": [11.984, 0.016, 11.766, 1.734], "texture": "#texture", "rotation": 90},
				"down": {"uv": [4.234, 0.016, 4.016, 1.734], "texture": "#texture", "rotation": 90}
			},
			"type": "cube"
		},
		{
			"name": "cube",
			"from": [1, 0.0009, 1.5],
			"to": [3.25, 1.001, 13.5],
			"faces": {
				"north": {"uv": [15.234, 9.016, 13.016, 9.984], "texture": "#rail_parts"},
				"east": {"uv": [11.984, 9.016, 0.016, 9.984], "texture": "#rail_parts"},
				"west": {"uv": [12.984, 9.016, 1.016, 9.984], "texture": "#rail_parts"},
				"up": {"uv": [0.016, 6.766, 11.9672, 8.9672], "texture": "#rail_parts", "rotation": 90},
				"down": {"uv": [1.016, 0.016, 12.9678, 2.2178], "texture": "#rail_parts", "rotation": 90}
			},
			"type": "cube"
		},
		{
			"name": "cube",
			"from": [13.25, 1, 13.5],
			"to": [14, 1.25, 14.25],
			"faces": {
				"north": {"uv": [2.234, 14.266, 2.016, 14.484], "texture": "#texture"},
				"east": {"uv": [2.234, 14.266, 2.016, 14.484], "texture": "#texture"},
				"south": {"uv": [2.234, 14.266, 2.016, 14.484], "texture": "#texture"},
				"up": {"uv": [2.7178, 13.766, 2.016, 14.4678], "texture": "#texture"}
			},
			"type": "cube"
		},
		{
			"name": "cube",
			"from": [1.75, 1, 2],
			"to": [2.5, 1.25, 2.75],
			"faces": {
				"north": {"uv": [2.234, 14.266, 2.016, 14.484], "texture": "#texture"},
				"east": {"uv": [2.234, 14.266, 2.016, 14.484], "texture": "#texture"},
				"west": {"uv": [2.234, 14.266, 2.016, 14.484], "texture": "#texture"},
				"up": {"uv": [2.734, 13.766, 2.016, 14.484], "texture": "#texture", "rotation": 270}
			},
			"type": "cube"
		},
		{
			"name": "cube",
			"from": [13, 0.4999, 10.525],
			"to": [13.25, 1.5019, 16],
			"faces": {
				"east": {"uv": [5.475, 15.016, 0.016, 15.984], "texture": "#rail_parts"},
				"south": {"uv": [2.984, 15.016, 2.766, 15.984], "texture": "#texture"},
				"up": {"uv": [2.984, 10.525, 2.766, 15.984], "texture": "#texture"},
				"down": {"uv": [2.984, 0.016, 2.766, 5.475], "texture": "#texture"}
			},
			"type": "cube"
		},
		{
			"name": "cube",
			"from": [2.25, 0.0009, 12.75],
			"to": [14.5, 1.001, 15],
			"faces": {
				"north": {"uv": [12.234, 9.016, 0.016, 9.984], "texture": "#rail_parts"},
				"east": {"uv": [15.234, 9.016, 13.016, 9.984], "texture": "#rail_parts"},
				"south": {"uv": [12.234, 9.016, 0.016, 9.984], "texture": "#rail_parts"},
				"up": {"uv": [0.75, 6.75, 12.9678, 8.9678], "texture": "#rail_parts"},
				"down": {"uv": [0.75, 8.9678, 12.9678, 6.75], "texture": "#rail_parts"}
			},
			"type": "cube"
		},
		{
			"name": "cube",
			"from": [4, 0.4999, 14.225],
			"to": [4.25, 1.5019, 16],
			"faces": {
				"north": {"uv": [0.25, 14.998, 0, 16], "texture": "#rail_parts"},
				"east": {"uv": [1.775, 15.016, 0.016, 15.984], "texture": "#rail_parts"},
				"south": {"uv": [11.984, 15.016, 11.766, 15.984], "texture": "#texture"},
				"up": {"uv": [11.984, 14.225, 11.766, 15.984], "texture": "#texture"},
				"down": {"uv": [11.984, 0.016, 11.766, 1.775], "texture": "#texture"}
			},
			"type": "cube"
		},
		{
			"name": "cube",
			"from": [0.875, 0, 2.325],
			"to": [3.125, 1.002, 15.325],
			"faces": {
				"north": {"uv": [15.234, 9.016, 13.016, 9.984], "texture": "#rail_parts"},
				"east": {"uv": [12.984, 9.016, 0.016, 9.984], "texture": "#rail_parts"},
				"south": {"uv": [15.234, 9.016, 13.016, 9.984], "texture": "#rail_parts"},
				"west": {"uv": [12.984, 9.016, 0.016, 9.984], "texture": "#rail_parts"},
				"up": {"uv": [0.016, 4.484, 12.984, 2.266], "texture": "#rail_parts", "rotation": 90},
				"down": {"uv": [0.016, 6.5734, 12.9672, 4.6062], "texture": "#rail_parts", "rotation": 90}
			},
			"rotation": {"origin": [2, 0.5, 14], "axis": "y", "angle": -45},
			"type": "cube"
		},
		{
			"name": "cube",
			"from": [10.925, 0.5, 8.5],
			"to": [12.425, 1.5, 19.5],
			"faces": {
				"north": {"uv": [13.25, 15, 11.75, 16], "texture": "#rail_parts"},
				"east": {"uv": [11.125, 15.016, 0.125, 15.984], "texture": "#rail_parts"},
				"south": {"uv": [4.234, 15.016, 2.766, 15.984], "texture": "#texture"},
				"west": {"uv": [11.125, 15.016, 0.125, 15.984], "texture": "#rail_parts"},
				"up": {"uv": [4.234, 1.125, 2.766, 12.125], "texture": "#texture"},
				"down": {"uv": [4.234, 0.125, 2.766, 11.125], "texture": "#texture"}
			},
			"rotation": {"origin": [2, 1, 14], "axis": "y", "angle": 45},
			"type": "cube"
		},
		{
			"name": "cube",
			"from": [12.375, 0.75, 13.5],
			"to": [13.125, 1.25, 14.25],
			"faces": {
				"north": {"uv": [2.234, 14.266, 2.016, 14.484], "texture": "#texture"},
				"east": {"uv": [2.234, 14.266, 2.016, 14.484], "texture": "#texture"},
				"south": {"uv": [2.234, 14.266, 2.016, 14.484], "texture": "#texture"},
				"up": {"uv": [2.7178, 13.766, 2.016, 14.4678], "texture": "#texture"}
			},
			"rotation": {"origin": [2.125, 0.75, 13.875], "axis": "y", "angle": 45},
			"type": "cube"
		},
		{
			"name": "cube",
			"from": [2.75, 0.5, 14.25],
			"to": [4.25, 1.5, 17.75],
			"faces": {
				"north": {"uv": [4.25, 15, 2.75, 16], "texture": "#texture"},
				"east": {"uv": [3.625, 15.016, 0.125, 15.984], "texture": "#rail_parts"},
				"south": {"uv": [13.25, 0, 11.75, 1], "texture": "#texture"},
				"west": {"uv": [3.625, 15.016, 0.125, 15.984], "texture": "#rail_parts"},
				"up": {"uv": [13.234, 10.125, 11.766, 13.625], "texture": "#texture"},
				"down": {"uv": [2.766, 15.968, 4.218, 14.016], "texture": "#texture"}
			},
			"rotation": {"origin": [0, 1, 16], "axis": "y", "angle": 45},
			"type": "cube"
		},
		{
			"name": "cube",
			"from": [1.125, 1, 13.5],
			"to": [1.875, 1.25, 14.25],
			"faces": {
				"north": {"uv": [2.234, 14.266, 2.016, 14.484], "texture": "#texture"},
				"south": {"uv": [2.234, 14.266, 2.016, 14.484], "texture": "#texture"},
				"west": {"uv": [2.234, 14.266, 2.016, 14.484], "texture": "#texture"},
				"up": {"uv": [2.734, 13.766, 2.016, 14.484], "texture": "#texture", "rotation": 180}
			},
			"rotation": {"origin": [2.125, 0.75, 13.875], "axis": "y", "angle": 45},
			"type": "cube"
		},
		{
			"name": "cube",
			"from": [12.75, 0.4999, 10.65],
			"to": [13, 1.5019, 16],
			"faces": {"south": {"uv": [3.234, 15.016, 3.016, 15.984], "texture": "#texture"}, "up": {"uv": [3.234, 10.65, 3.016, 15.984], "texture": "#texture"}, "down": {"uv": [3.234, 0.016, 3.016, 5.35], "texture": "#texture"}},
			"type": "cube"
		},
		{
			"name": "cube",
			"from": [12.5, 0.4999, 10.75],
			"to": [12.75, 1.5019, 16],
			"faces": {"south": {"uv": [3.484, 15.016, 3.266, 15.984], "texture": "#texture"}, "up": {"uv": [3.484, 10.766, 3.266, 15.984], "texture": "#texture"}, "down": {"uv": [3.484, 0.016, 3.266, 5.234], "texture": "#texture"}},
			"type": "cube"
		},
		{
			"name": "cube",
			"from": [12.25, 0.4999, 10.9],
			"to": [12.5, 1.5019, 16],
			"faces": {"south": {"uv": [3.734, 15.016, 3.516, 15.984], "texture": "#texture"}, "up": {"uv": [3.734, 10.9, 3.516, 15.984], "texture": "#texture"}, "down": {"uv": [3.734, 0.016, 3.516, 5.1], "texture": "#texture"}},
			"type": "cube"
		},
		{
			"name": "cube",
			"from": [12, 0.4999, 11],
			"to": [12.25, 1.5019, 16],
			"faces": {"south": {"uv": [3.984, 15.016, 3.766, 15.984], "texture": "#texture"}, "up": {"uv": [3.984, 11.016, 3.766, 15.984], "texture": "#texture"}, "down": {"uv": [3.984, 0.016, 3.766, 4.984], "texture": "#texture"}},
			"type": "cube"
		},
		{
			"name": "cube",
			"from": [11.75, 0.4999, 11.125],
			"to": [12, 1.5019, 16],
			"faces": {
				"south": {"uv": [4.234, 15.016, 4.016, 15.984], "texture": "#texture"},
				"west": {"uv": [4.875, 15.016, 0.016, 15.984], "texture": "#rail_parts"},
				"up": {"uv": [4.234, 11.125, 4.016, 15.984], "texture": "#texture"},
				"down": {"uv": [4.234, 0.016, 4.016, 4.875], "texture": "#texture"}
			},
			"type": "cube"
		},
		{
			"name": "cube",
			"from": [0, 0.4999, 3],
			"to": [5.375, 1.5019, 3.25],
			"faces": {
				"west": {"uv": [12.984, 0.016, 12.766, 0.984], "texture": "#texture"},
				"up": {"uv": [12.234, 5.516, 12.016, 10.875], "texture": "#texture", "rotation": 90},
				"down": {"uv": [12.984, 0.016, 12.766, 5.375], "texture": "#texture", "rotation": 90}
			},
			"type": "cube"
		},
		{
			"name": "cube",
			"from": [0, 0.4999, 3.25],
			"to": [5.2, 1.5019, 3.5],
			"faces": {"west": {"uv": [12.734, 0.016, 12.516, 0.984], "texture": "#texture"}, "up": {"uv": [12.484, 0.266, 12.266, 5.45], "texture": "#texture", "rotation": 90}, "down": {"uv": [12.734, 0.016, 12.516, 5.2], "texture": "#texture", "rotation": 90}},
			"type": "cube"
		},
		{
			"name": "cube",
			"from": [0, 0.4999, 3.5],
			"to": [5.125, 1.5019, 3.75],
			"faces": {
				"west": {"uv": [12.484, 0.016, 12.266, 0.984], "texture": "#texture"},
				"up": {"uv": [12.734, 0.016, 12.516, 5.125], "texture": "#texture", "rotation": 90},
				"down": {"uv": [12.484, 0.016, 12.266, 5.125], "texture": "#texture", "rotation": 90}
			},
			"type": "cube"
		},
		{
			"name": "cube",
			"from": [0, 0.4999, 3.75],
			"to": [5.025, 1.5019, 4],
			"faces": {"west": {"uv": [12.234, 0.016, 12.016, 0.984], "texture": "#texture"}, "up": {"uv": [3.984, 0.266, 3.766, 5.275], "texture": "#texture", "rotation": 90}, "down": {"uv": [12.234, 0.016, 12.016, 5.025], "texture": "#texture", "rotation": 90}},
			"type": "cube"
		},
		{
			"name": "cube",
			"from": [0, 0.4999, 4],
			"to": [4.99, 1.5019, 4.25],
			"faces": {
				"south": {"uv": [4.984, 15.016, 0.016, 15.984], "texture": "#rail_parts"},
				"west": {"uv": [11.984, 0.016, 11.766, 0.984], "texture": "#texture"},
				"up": {"uv": [4.234, 0.016, 4.016, 4.9], "texture": "#texture", "rotation": 90},
				"down": {"uv": [11.984, 0.016, 11.766, 4.9], "texture": "#texture", "rotation": 90}
			},
			"type": "cube"
		},
		{
			"name": "cube",
			"from": [3.75, 0.4999, 14.425],
			"to": [4, 1.5019, 16],
			"faces": {"south": {"uv": [12.234, 15.016, 12.016, 15.984], "texture": "#texture"}, "up": {"uv": [12.234, 14.425, 12.016, 15.984], "texture": "#texture"}, "down": {"uv": [12.234, 0.016, 12.016, 1.575000000000001], "texture": "#texture"}},
			"type": "cube"
		},
		{
			"name": "cube",
			"from": [3.5, 0.4999, 14.525],
			"to": [3.75, 1.5019, 16],
			"faces": {"south": {"uv": [12.484, 15.016, 12.266, 15.984], "texture": "#texture"}, "up": {"uv": [12.484, 14.525, 12.266, 15.984], "texture": "#texture"}, "down": {"uv": [12.484, 0.016, 12.266, 1.4750000000000014], "texture": "#texture"}},
			"type": "cube"
		},
		{
			"name": "cube",
			"from": [3.25, 0.4999, 14.625],
			"to": [3.5, 1.5019, 16],
			"faces": {"south": {"uv": [12.734, 15.016, 12.516, 15.984], "texture": "#texture"}, "up": {"uv": [12.734, 14.625, 12.516, 15.984], "texture": "#texture"}, "down": {"uv": [12.734, 0.016, 12.516, 1.3750000000000018], "texture": "#texture"}},
			"type": "cube"
		},
		{
			"name": "cube",
			"from": [3, 0.4999, 14.725],
			"to": [3.25, 1.5019, 16],
			"faces": {"south": {"uv": [12.984, 15.016, 12.766, 15.984], "texture": "#texture"}, "up": {"uv": [12.984, 14.725, 12.766, 15.984], "texture": "#texture"}, "down": {"uv": [12.984, 0.016, 12.766, 1.2750000000000021], "texture": "#texture"}},
			"type": "cube"
		},
		{
			"name": "cube",
			"from": [2.75, 0.4999, 14.825],
			"to": [3, 1.5019, 16],
			"faces": {
				"south": {"uv": [13.234, 15.016, 13.016, 15.984], "texture": "#texture"},
				"west": {"uv": [1.175, 15.016, 0.016, 15.984], "texture": "#rail_parts"},
				"up": {"uv": [13.234, 14.825, 13.016, 15.984], "texture": "#texture"},
				"down": {"uv": [13.234, 0.016, 13.016, 1.175], "texture": "#texture"}
			},
			"type": "cube"
		},
		{
			"name": "cube",
			"from": [0, 0.4999, 12],
			"to": [1.65, 1.5019, 12.25],
			"faces": {"west": {"uv": [3.984, 15.016, 3.766, 15.984], "texture": "#texture"}, "up": {"uv": [12.234, 0.016, 12.016, 1.65], "texture": "#texture", "rotation": 90}, "down": {"uv": [3.984, 0.016, 3.766, 1.65], "texture": "#texture", "rotation": 90}},
			"type": "cube"
		},
		{
			"name": "cube",
			"from": [0, 0.4999, 12.25],
			"to": [1.55, 1.5019, 12.5],
			"faces": {"west": {"uv": [3.734, 15.016, 3.516, 15.984], "texture": "#texture"}, "up": {"uv": [12.484, 0.016, 12.266, 1.55], "texture": "#texture", "rotation": 90}, "down": {"uv": [3.734, 0.016, 3.516, 1.55], "texture": "#texture", "rotation": 90}},
			"type": "cube"
		},
		{
			"name": "cube",
			"from": [0, 0.4999, 12.5],
			"to": [1.425, 1.5019, 12.75],
			"faces": {"west": {"uv": [3.484, 15.016, 3.266, 15.984], "texture": "#texture"}, "up": {"uv": [12.734, 0.016, 12.516, 1.425], "texture": "#texture", "rotation": 90}, "down": {"uv": [3.484, 0.016, 3.266, 1.425], "texture": "#texture", "rotation": 90}},
			"type": "cube"
		},
		{
			"name": "cube",
			"from": [0, 0.4999, 12.75],
			"to": [1.325, 1.5019, 13],
			"faces": {"west": {"uv": [3.234, 15.016, 3.016, 15.984], "texture": "#texture"}, "up": {"uv": [12.984, 0.016, 12.766, 1.325], "texture": "#texture", "rotation": 90}, "down": {"uv": [3.234, 0.016, 3.016, 1.325], "texture": "#texture", "rotation": 90}},
			"type": "cube"
		},
		{
			"name": "cube",
			"from": [0, 0.4999, 13],
			"to": [1.23, 1.5019, 13.25],
			"faces": {
				"south": {"uv": [15.95, 15.016, 14.766, 15.984], "texture": "#rail_parts"},
				"west": {"uv": [2.984, 15.016, 2.766, 15.984], "texture": "#texture"},
				"up": {"uv": [13.234, 0.016, 13.016, 1.2], "texture": "#texture", "rotation": 90},
				"down": {"uv": [2.984, 0.016, 2.766, 1.2], "texture": "#texture", "rotation": 90}
			},
			"type": "cube"
		}
	]
}
