{
	"credit": "Made by leagris for Soartex Fanver, with Blockbench, a free, modern block model editor by JannisX11",
	"ambientocclusion": false,
	"textures": {"texture": "block/rail", "particle": "block/rail", "rail_parts": "block/rail/rail_parts"},
	"elements": [
		{
			"name": "cube",
			"from": [0, 0.4999, 13],
			"to": [5.475, 1.5019, 13.25],
			"faces": {
				"south": {"uv": [0.016, 15.016, 5.475, 15.984], "texture": "#rail_parts"},
				"west": {"uv": [13.016, 0.016, 13.234, 0.984], "texture": "#texture"},
				"up": {"uv": [2.984, 5.475, 2.766, 0.016], "texture": "#texture", "rotation": 90},
				"down": {"uv": [13.234, 5.475, 13.016, 0.016], "texture": "#texture", "rotation": 90}
			},
			"type": "cube"
		},
		{
			"name": "cube",
			"from": [0, 0.4999, 4],
			"to": [1.775, 1.5019, 4.25],
			"faces": {
				"south": {"uv": [0.016, 15.016, 1.734, 15.984], "texture": "#rail_parts"},
				"west": {"uv": [4.016, 15.016, 4.234, 15.984], "texture": "#texture"},
				"up": {"uv": [11.984, 1.734, 11.766, 0.016], "texture": "#texture", "rotation": 90},
				"down": {"uv": [4.234, 1.734, 4.016, 0.016], "texture": "#texture", "rotation": 90}
			},
			"type": "cube"
		},
		{
			"name": "cube",
			"from": [1, 0.0009, 2.5],
			"to": [3.25, 1.001, 14.5],
			"faces": {
				"east": {"uv": [0.016, 9.016, 11.984, 9.984], "texture": "#rail_parts"},
				"south": {"uv": [13.016, 9.016, 15.234, 9.984], "texture": "#rail_parts"},
				"west": {"uv": [1.016, 9.016, 12.984, 9.984], "texture": "#rail_parts"},
				"up": {"uv": [1.016, 6.766, 12.9678, 8.9678], "texture": "#rail_parts", "rotation": 90},
				"down": {"uv": [0.016, 6.766, 11.9672, 8.9672], "texture": "#rail_parts", "rotation": 90}
			},
			"type": "cube"
		},
		{
			"name": "cube",
			"from": [13.25, 1, 1.75],
			"to": [14, 1.25, 2.5],
			"faces": {
				"north": {"uv": [2.016, 14.266, 2.234, 14.484], "texture": "#texture"},
				"east": {"uv": [2.016, 14.266, 2.234, 14.484], "texture": "#texture"},
				"south": {"uv": [2.016, 14.266, 2.234, 14.484], "texture": "#texture"},
				"up": {"uv": [2.7178, 14.4678, 2.016, 13.766], "texture": "#texture"}
			},
			"type": "cube"
		},
		{
			"name": "cube",
			"from": [1.75, 1, 13.25],
			"to": [2.5, 1.25, 14],
			"faces": {
				"east": {"uv": [2.016, 14.266, 2.234, 14.484], "texture": "#texture"},
				"south": {"uv": [2.016, 14.266, 2.234, 14.484], "texture": "#texture"},
				"west": {"uv": [2.016, 14.266, 2.234, 14.484], "texture": "#texture"},
				"up": {"uv": [2.734, 14.484, 2.016, 13.766], "texture": "#texture", "rotation": 270}
			},
			"type": "cube"
		},
		{
			"name": "cube",
			"from": [13, 0.4999, 0],
			"to": [13.25, 1.5019, 5.475],
			"faces": {
				"north": {"uv": [2.766, 15.016, 2.984, 15.984], "texture": "#texture"},
				"east": {"uv": [0.016, 15.016, 5.475, 15.984], "texture": "#rail_parts"},
				"up": {"uv": [2.984, 15.984, 2.766, 10.525], "texture": "#texture"},
				"down": {"uv": [2.984, 5.475, 2.766, 0.016], "texture": "#texture"}
			},
			"type": "cube"
		},
		{
			"name": "cube",
			"from": [2.25, 0.0009, 1],
			"to": [14.5, 1.001, 3.25],
			"faces": {
				"north": {"uv": [0.016, 9.016, 12.234, 9.984], "texture": "#rail_parts"},
				"east": {"uv": [13.016, 9.016, 15.234, 9.984], "texture": "#rail_parts"},
				"south": {"uv": [0.016, 9.016, 12.234, 9.984], "texture": "#rail_parts"},
				"up": {"uv": [0.766, 0.016, 12.9678, 2.2178], "texture": "#rail_parts"},
				"down": {"uv": [0.766, 2.2178, 12.9678, 0.016], "texture": "#rail_parts"}
			},
			"type": "cube"
		},
		{
			"name": "cube",
			"from": [4, 0.4999, 0],
			"to": [4.25, 1.5019, 1.775],
			"faces": {
				"north": {"uv": [11.766, 15.016, 11.984, 15.984], "texture": "#texture"},
				"east": {"uv": [0.016, 15.016, 1.775, 15.984], "texture": "#rail_parts"},
				"south": {"uv": [0, 14.998125, 0.25, 16], "texture": "#rail_parts"},
				"up": {"uv": [11.984, 15.984, 11.766, 14.225], "texture": "#texture"},
				"down": {"uv": [11.984, 1.775, 11.766, 0.016], "texture": "#texture"}
			},
			"type": "cube"
		},
		{
			"name": "cube",
			"from": [0.875, 0, 0.675],
			"to": [3.125, 1.002, 13.675],
			"faces": {
				"north": {"uv": [13.016, 9.016, 15.234, 9.984], "texture": "#rail_parts"},
				"east": {"uv": [0.016, 9.016, 12.984, 9.984], "texture": "#rail_parts"},
				"south": {"uv": [13.016, 9.016, 15.234, 9.984], "texture": "#rail_parts"},
				"west": {"uv": [0.016, 9.016, 12.984, 9.984], "texture": "#rail_parts"},
				"up": {"uv": [0.016, 2.266, 12.984, 4.484], "texture": "#rail_parts", "rotation": 90},
				"down": {"uv": [0.016, 2.266, 12.9672, 4.4672], "texture": "#rail_parts", "rotation": 90}
			},
			"rotation": {"origin": [2, 0.5, 2], "axis": "y", "angle": 45},
			"type": "cube"
		},
		{
			"name": "cube",
			"from": [10.925, 0.5, -3.5],
			"to": [12.425, 1.5, 7.5],
			"faces": {
				"north": {"uv": [2.766, 15.016, 4.234, 15.984], "texture": "#texture"},
				"east": {"uv": [0.125, 15.016, 11.125, 15.984], "texture": "#rail_parts"},
				"south": {"uv": [11.75, 15, 13.25, 16], "texture": "#rail_parts"},
				"west": {"uv": [0.125, 15.016, 11.125, 15.984], "texture": "#rail_parts"},
				"up": {"uv": [4.234, 12.125, 2.766, 1.125], "texture": "#texture"},
				"down": {"uv": [4.234, 11.125, 2.766, 0.125], "texture": "#texture"}
			},
			"rotation": {"origin": [2, 1, 2], "axis": "y", "angle": -45},
			"type": "cube"
		},
		{
			"name": "cube",
			"from": [12.375, 0.75, 1.75],
			"to": [13.125, 1.25, 2.5],
			"faces": {
				"north": {"uv": [2.016, 14.266, 2.234, 14.484], "texture": "#texture"},
				"east": {"uv": [2.016, 14.266, 2.234, 14.484], "texture": "#texture"},
				"south": {"uv": [2.016, 14.266, 2.234, 14.484], "texture": "#texture"},
				"up": {"uv": [2.7178, 14.4678, 2.016, 13.766], "texture": "#texture"}
			},
			"rotation": {"origin": [2.125, 0.75, 2.125], "axis": "y", "angle": -45},
			"type": "cube"
		},
		{
			"name": "cube",
			"from": [2.75, 0.5, -1.75],
			"to": [4.25, 1.5, 1.75],
			"faces": {
				"north": {"uv": [11.75, 0, 13.25, 1], "texture": "#texture"},
				"east": {"uv": [0.125, 15.016, 3.625, 15.984], "texture": "#rail_parts"},
				"south": {"uv": [2.75, 15, 4.25, 16], "texture": "#texture"},
				"west": {"uv": [0.125, 15.016, 3.625, 15.984], "texture": "#rail_parts"},
				"up": {"uv": [13.234, 13.625, 11.766, 10.125], "texture": "#texture"},
				"down": {"uv": [2.766, 14.016, 4.218, 15.968], "texture": "#texture"}
			},
			"rotation": {"origin": [0, 1, 0], "axis": "y", "angle": -45},
			"type": "cube"
		},
		{
			"name": "cube",
			"from": [1.125, 1, 1.75],
			"to": [1.875, 1.25, 2.5],
			"faces": {
				"north": {"uv": [2.016, 14.266, 2.234, 14.484], "texture": "#texture"},
				"south": {"uv": [2.016, 14.266, 2.234, 14.484], "texture": "#texture"},
				"west": {"uv": [2.016, 14.266, 2.234, 14.484], "texture": "#texture"},
				"up": {"uv": [2.734, 14.484, 2.016, 13.766], "texture": "#texture", "rotation": 180}
			},
			"rotation": {"origin": [2.125, 0.75, 2.125], "axis": "y", "angle": -45},
			"type": "cube"
		},
		{
			"name": "cube",
			"from": [12.75, 0.4999, 0],
			"to": [13, 1.5019, 5.35],
			"faces": {"north": {"uv": [3.016, 15.016, 3.234, 15.984], "texture": "#texture"}, "up": {"uv": [3.234, 15.984, 3.016, 10.65], "texture": "#texture"}, "down": {"uv": [3.234, 5.35, 3.016, 0.016], "texture": "#texture"}},
			"type": "cube"
		},
		{
			"name": "cube",
			"from": [12.5, 0.4999, 0],
			"to": [12.75, 1.5019, 5.25],
			"faces": {"north": {"uv": [3.266, 15.016, 3.484, 15.984], "texture": "#texture"}, "up": {"uv": [3.484, 15.984, 3.266, 10.766], "texture": "#texture"}, "down": {"uv": [3.484, 5.234, 3.266, 0.016], "texture": "#texture"}},
			"type": "cube"
		},
		{
			"name": "cube",
			"from": [12.25, 0.4999, 0],
			"to": [12.5, 1.5019, 5.1],
			"faces": {"north": {"uv": [3.516, 15.016, 3.734, 15.984], "texture": "#texture"}, "up": {"uv": [3.734, 15.984, 3.516, 10.9], "texture": "#texture"}, "down": {"uv": [3.734, 5.1, 3.516, 0.016], "texture": "#texture"}},
			"type": "cube"
		},
		{
			"name": "cube",
			"from": [12, 0.4999, 0],
			"to": [12.25, 1.5019, 5],
			"faces": {"north": {"uv": [3.766, 15.016, 3.984, 15.984], "texture": "#texture"}, "up": {"uv": [3.984, 15.984, 3.766, 11.016], "texture": "#texture"}, "down": {"uv": [3.984, 4.984, 3.766, 0.016], "texture": "#texture"}},
			"type": "cube"
		},
		{
			"name": "cube",
			"from": [11.75, 0.4999, 0],
			"to": [12, 1.5019, 4.875],
			"faces": {
				"north": {"uv": [4.016, 15.016, 4.234, 15.984], "texture": "#texture"},
				"west": {"uv": [0.016, 15.016, 4.875, 15.984], "texture": "#rail_parts"},
				"up": {"uv": [4.234, 15.984, 4.016, 11.125], "texture": "#texture"},
				"down": {"uv": [4.234, 4.875, 4.016, 0.016], "texture": "#texture"}
			},
			"type": "cube"
		},
		{
			"name": "cube",
			"from": [0, 0.4999, 12.75],
			"to": [5.375, 1.5019, 13],
			"faces": {
				"west": {"uv": [12.766, 0.016, 12.984, 0.984], "texture": "#texture"},
				"up": {"uv": [12.234, 10.875, 12.016, 5.516], "texture": "#texture", "rotation": 90},
				"down": {"uv": [12.984, 5.375, 12.766, 0.016], "texture": "#texture", "rotation": 90}
			},
			"type": "cube"
		},
		{
			"name": "cube",
			"from": [0, 0.4999, 12.5],
			"to": [5.2, 1.5019, 12.75],
			"faces": {"west": {"uv": [12.516, 0.016, 12.734, 0.984], "texture": "#texture"}, "up": {"uv": [12.484, 5.45, 12.266, 0.266], "texture": "#texture", "rotation": 90}, "down": {"uv": [12.734, 5.2, 12.516, 0.016], "texture": "#texture", "rotation": 90}},
			"type": "cube"
		},
		{
			"name": "cube",
			"from": [0, 0.4999, 12.25],
			"to": [5.125, 1.5019, 12.5],
			"faces": {
				"west": {"uv": [12.266, 0.016, 12.484, 0.984], "texture": "#texture"},
				"up": {"uv": [12.734, 5.125, 12.516, 0.016], "texture": "#texture", "rotation": 90},
				"down": {"uv": [12.484, 5.125, 12.266, 0.016], "texture": "#texture", "rotation": 90}
			},
			"type": "cube"
		},
		{
			"name": "cube",
			"from": [0, 0.4999, 12],
			"to": [5.025, 1.5019, 12.25],
			"faces": {"west": {"uv": [12.016, 0.016, 12.234, 0.984], "texture": "#texture"}, "up": {"uv": [3.984, 5.275, 3.766, 0.266], "texture": "#texture", "rotation": 90}, "down": {"uv": [12.234, 5.025, 12.016, 0.016], "texture": "#texture", "rotation": 90}},
			"type": "cube"
		},
		{
			"name": "cube",
			"from": [0, 0.4999, 11.75],
			"to": [4.99, 1.5019, 12],
			"faces": {
				"north": {"uv": [0.016, 15.016, 4.984, 15.984], "texture": "#rail_parts"},
				"west": {"uv": [11.766, 0.016, 11.984, 0.984], "texture": "#texture"},
				"up": {"uv": [4.234, 4.9, 4.016, 0.016], "texture": "#texture", "rotation": 90},
				"down": {"uv": [11.984, 4.9, 11.766, 0.016], "texture": "#texture", "rotation": 90}
			},
			"type": "cube"
		},
		{
			"name": "cube",
			"from": [3.75, 0.4999, 0],
			"to": [4, 1.5019, 1.575],
			"faces": {"north": {"uv": [12.016, 15.016, 12.234, 15.984], "texture": "#texture"}, "up": {"uv": [12.234, 15.984, 12.016, 14.425], "texture": "#texture"}, "down": {"uv": [12.234, 1.575000000000001, 12.016, 0.016], "texture": "#texture"}},
			"type": "cube"
		},
		{
			"name": "cube",
			"from": [3.5, 0.4999, 0],
			"to": [3.75, 1.5019, 1.475],
			"faces": {"north": {"uv": [12.266, 15.016, 12.484, 15.984], "texture": "#texture"}, "up": {"uv": [12.484, 15.984, 12.266, 14.525], "texture": "#texture"}, "down": {"uv": [12.484, 1.4750000000000014, 12.266, 0.016], "texture": "#texture"}},
			"type": "cube"
		},
		{
			"name": "cube",
			"from": [3.25, 0.4999, 0],
			"to": [3.5, 1.5019, 1.375],
			"faces": {"north": {"uv": [12.516, 15.016, 12.734, 15.984], "texture": "#texture"}, "up": {"uv": [12.734, 15.984, 12.516, 14.625], "texture": "#texture"}, "down": {"uv": [12.734, 1.3750000000000018, 12.516, 0.016], "texture": "#texture"}},
			"type": "cube"
		},
		{
			"name": "cube",
			"from": [3, 0.4999, 0],
			"to": [3.25, 1.5019, 1.275],
			"faces": {"north": {"uv": [12.766, 15.016, 12.984, 15.984], "texture": "#texture"}, "up": {"uv": [12.984, 15.984, 12.766, 14.725], "texture": "#texture"}, "down": {"uv": [12.984, 1.2750000000000021, 12.766, 0.016], "texture": "#texture"}},
			"type": "cube"
		},
		{
			"name": "cube",
			"from": [2.75, 0.4999, 0],
			"to": [3, 1.5019, 1.175],
			"faces": {
				"north": {"uv": [13.016, 15.016, 13.234, 15.984], "texture": "#texture"},
				"west": {"uv": [0.016, 15.016, 1.175, 15.984], "texture": "#rail_parts"},
				"up": {"uv": [13.234, 15.984, 13.016, 14.825], "texture": "#texture"},
				"down": {"uv": [13.234, 1.175, 13.016, 0.016], "texture": "#texture"}
			},
			"type": "cube"
		},
		{
			"name": "cube",
			"from": [0, 0.4999, 3.75],
			"to": [1.65, 1.5019, 4],
			"faces": {"west": {"uv": [3.766, 15.016, 3.984, 15.984], "texture": "#texture"}, "up": {"uv": [12.234, 1.65, 12.016, 0.016], "texture": "#texture", "rotation": 90}, "down": {"uv": [3.984, 1.65, 3.766, 0.016], "texture": "#texture", "rotation": 90}},
			"type": "cube"
		},
		{
			"name": "cube",
			"from": [0, 0.4999, 3.5],
			"to": [1.55, 1.5019, 3.75],
			"faces": {"west": {"uv": [3.516, 15.016, 3.734, 15.984], "texture": "#texture"}, "up": {"uv": [12.484, 1.55, 12.266, 0.016], "texture": "#texture", "rotation": 90}, "down": {"uv": [3.734, 1.55, 3.516, 0.016], "texture": "#texture", "rotation": 90}},
			"type": "cube"
		},
		{
			"name": "cube",
			"from": [0, 0.4999, 3.25],
			"to": [1.425, 1.5019, 3.5],
			"faces": {"west": {"uv": [3.266, 15.016, 3.484, 15.984], "texture": "#texture"}, "up": {"uv": [12.734, 1.425, 12.516, 0.016], "texture": "#texture", "rotation": 90}, "down": {"uv": [3.484, 1.425, 3.266, 0.016], "texture": "#texture", "rotation": 90}},
			"type": "cube"
		},
		{
			"name": "cube",
			"from": [0, 0.4999, 3],
			"to": [1.325, 1.5019, 3.25],
			"faces": {"west": {"uv": [3.016, 15.016, 3.234, 15.984], "texture": "#texture"}, "up": {"uv": [12.984, 1.325, 12.766, 0.016], "texture": "#texture", "rotation": 90}, "down": {"uv": [3.234, 1.325, 3.016, 0.016], "texture": "#texture", "rotation": 90}},
			"type": "cube"
		},
		{
			"name": "cube",
			"from": [0, 0.4999, 2.75],
			"to": [1.23, 1.5019, 3],
			"faces": {
				"north": {"uv": [14.766, 15.016, 15.95, 15.984], "texture": "#rail_parts"},
				"west": {"uv": [2.766, 15.016, 2.984, 15.984], "texture": "#texture"},
				"up": {"uv": [13.234, 1.2, 13.016, 0.016], "texture": "#texture", "rotation": 90},
				"down": {"uv": [2.984, 1.2, 2.766, 0.016], "texture": "#texture", "rotation": 90}
			},
			"type": "cube"
		}
	]
}
