{
	"credit": "Made with Blockbench",
	"parent": "block/block",
	"ambientocclusion": true,
	"textures": {
		"3": "block/campfire_log",
		"particle": "block/campfire_log"
	},
	"elements": [
		{
			"name": "Element",
			"from": [0, 0, 5],
			"to": [16, 1, 11],
			"shade": false,
			"faces": {
				"east": {"uv": [15, 8, 16, 16], "rotation": 90, "texture": "#3"},
				"south": {"uv": [0, 8, 16, 9], "texture": "#3", "cullface": "south"},
				"west": {"uv": [0, 8, 1, 16], "rotation": 90, "texture": "#3"},
				"up": {"uv": [0, 14, 16, 8], "rotation": 180, "texture": "#3"},
				"down": {"uv": [0, 14, 16, 8], "texture": "#3"}
			}
		},
		{
			"from": [0, 0, 1],
			"to": [16, 4, 5],
			"faces": {
				"north": {"uv": [0, 0, 16, 4], "texture": "#3"},
				"east": {"uv": [0, 4, 4, 8], "texture": "#3"},
				"south": {"uv": [0, 0, 16, 4], "texture": "#3"},
				"west": {"uv": [0, 4, 4, 8], "texture": "#3"},
				"up": {"uv": [0, 0, 16, 4], "texture": "#3"},
				"down": {"uv": [0, 0, 16, 4], "texture": "#3"}
			}
		},
		{
			"from": [0, 0, 11],
			"to": [16, 4, 15],
			"faces": {
				"north": {"uv": [0, 0, 16, 4], "texture": "#3"},
				"east": {"uv": [0, 4, 4, 8], "texture": "#3"},
				"south": {"uv": [0, 0, 16, 4], "texture": "#3"},
				"west": {"uv": [0, 4, 4, 8], "texture": "#3"},
				"up": {"uv": [0, 0, 16, 4], "texture": "#3"},
				"down": {"uv": [0, 0, 16, 4], "texture": "#3"}
			}
		},
		{
			"from": [1, 2, 0],
			"to": [5, 6, 16],
			"faces": {
				"north": {"uv": [0, 4, 4, 8], "texture": "#3"},
				"east": {"uv": [0, 0, 16, 4], "texture": "#3"},
				"south": {"uv": [0, 4, 4, 8], "texture": "#3"},
				"west": {"uv": [0, 0, 16, 4], "texture": "#3"},
				"up": {"uv": [0, 0, 16, 4], "rotation": 90, "texture": "#3"},
				"down": {"uv": [0, 0, 16, 4], "rotation": 90, "texture": "#3"}
			}
		},
		{
			"from": [11, 2, 0],
			"to": [15, 6, 16],
			"faces": {
				"north": {"uv": [0, 4, 4, 8], "texture": "#3"},
				"east": {"uv": [0, 0, 16, 4], "texture": "#3"},
				"south": {"uv": [0, 4, 4, 8], "texture": "#3"},
				"west": {"uv": [0, 0, 16, 4], "texture": "#3"},
				"up": {"uv": [0, 0, 16, 4], "rotation": 90, "texture": "#3"},
				"down": {"uv": [0, 0, 16, 4], "rotation": 90, "texture": "#3"}
			}
		}
	],
	"display": {}
}