{
	"credit": "Made by leagris for Soartex Fanver, with Blockbench, a free, modern block model editor by JannisX11",
	"textures": {"east": "block/door/acacia/lower", "particle": "block/door/acacia/lower", "frame": "block/door/acacia/trim"},
	"elements": [
		{
			"name": "cube",
			"from": [0, 0, 0],
			"to": [3, 16, 3],
			"faces": {
				"north": {"uv": [6.016, 0.016, 8.984, 15.984], "texture": "#frame", "cullface": "north"},
				"east": {"uv": [13.016, 0.016, 15.984, 15.984], "texture": "#east"},
				"south": {"uv": [6.016, 0.016, 8.984, 15.984], "texture": "#frame"},
				"west": {"uv": [15.984, 0.016, 13.016, 15.984], "texture": "#east", "cullface": "west"},
				"down": {"uv": [11.984, 13.016, 9.016, 15.984], "texture": "#frame"}
			},
			"type": "cube"
		},
		{
			"name": "cube",
			"from": [0, 3, 5],
			"to": [3, 15, 7],
			"faces": {
				"north": {"uv": [6.016, 1.016, 8.984, 12.984], "texture": "#frame"},
				"east": {"uv": [9.016, 1.016, 10.984, 12.984], "texture": "#east"},
				"south": {"uv": [6.016, 1.016, 8.984, 12.984], "texture": "#frame"},
				"west": {"uv": [10.984, 1.016, 9.016, 12.984], "texture": "#east", "cullface": "west"}
			},
			"type": "cube"
		},
		{
			"name": "cube",
			"from": [0, 3, 9],
			"to": [3, 15, 11],
			"faces": {
				"north": {"uv": [6.016, 1.016, 8.984, 12.984], "texture": "#frame"},
				"east": {"uv": [5.016, 1.016, 6.984, 12.984], "texture": "#east"},
				"south": {"uv": [6.016, 1.016, 8.984, 12.984], "texture": "#frame"},
				"west": {"uv": [6.984, 1.016, 5.016, 12.984], "texture": "#east", "cullface": "west"}
			},
			"type": "cube"
		},
		{
			"name": "cube",
			"from": [0, 0, 13],
			"to": [3, 16, 16],
			"faces": {
				"north": {"uv": [0.016, 0.016, 2.984, 15.984], "texture": "#frame"},
				"east": {"uv": [0.016, 0.016, 2.984, 15.984], "texture": "#east"},
				"south": {"uv": [6.016, 0.016, 8.984, 15.984], "texture": "#frame"},
				"west": {"uv": [2.984, 0.016, 0.016, 15.984], "texture": "#east", "cullface": "west"},
				"down": {"uv": [11.984, 0.016, 9.016, 2.984], "texture": "#frame"}
			},
			"type": "cube"
		},
		{
			"name": "cube",
			"from": [0, 0, 3],
			"to": [3, 3, 13],
			"faces": {
				"east": {"uv": [3.016, 13.016, 12.984, 15.984], "texture": "#east"},
				"west": {"uv": [12.984, 13.016, 3.016, 15.984], "texture": "#east", "cullface": "west"},
				"up": {"uv": [0.016, 3.016, 2.984, 12.984], "texture": "#frame"},
				"down": {"uv": [11.984, 3.016, 9.016, 12.984], "texture": "#frame", "cullface": "down"}
			},
			"type": "cube"
		},
		{
			"name": "cube",
			"from": [0, 15, 3],
			"to": [3, 16, 13],
			"faces": {
				"east": {"uv": [3.016, 0.016, 12.984, 0.984], "texture": "#east"},
				"west": {"uv": [12.984, 0.016, 3.016, 0.984], "texture": "#east", "cullface": "west"},
				"down": {"uv": [11.984, 3.016, 9.016, 12.984], "texture": "#frame"}
			},
			"type": "cube"
		}
	]
}