{
	"credit": "Made by leagris for Soartex Fanver, with Blockbench, a free, modern block model editor by JannisX11",
	"parent": "block/door/door_top",
	"textures": {
		"front": "block/door/wood/lower_front",
		"parts": "block/door/wood/parts",
		"texture": "block/door/wood/lower",
		"particle": "block/door/wood/lower"
	},
	"elements": [
		{
			"name": "cube",
			"from": [0, 0, 0],
			"to": [1.25, 16, 16],
			"faces": {
				"north": {"uv": [2.484, 0.016, 1.266, 15.984], "texture": "#parts"},
				"east": {"uv": [15.984, 0.016, 0.016, 15.984], "texture": "#texture"},
				"south": {"uv": [3.766, 0.016, 4.968, 15.968], "texture": "#parts"},
				"west": {"uv": [0.016, 0.016, 15.984, 15.984], "texture": "#front"},
				"down": {"uv": [1.234, 0.016, 0.016, 15.984], "texture": "#parts"}
			},
			"type": "cube"
		},
		{
			"name": "cube",
			"from": [1.25, 2.5, 1],
			"to": [1.5, 3.75, 16],
			"faces": {
				"east": {"uv": [1.016, 12.266, 15.968, 13.468], "texture": "#texture"},
				"south": {"uv": [15.766, 12.266, 15.968, 13.468], "texture": "#texture"},
				"up": {"uv": [1.016, 12.266, 15.968, 12.484], "texture": "#texture", "rotation": 270},
				"down": {"uv": [1.016, 13.266, 15.968, 13.468], "texture": "#texture", "rotation": 90}
			},
			"type": "cube"
		},
		{
			"name": "cube",
			"from": [1.25, 2.25, 0.75],
			"to": [1.5, 4, 1],
			"faces": {
				"east": {"uv": [0.766, 12.016, 0.968, 13.718], "texture": "#texture"},
				"south": {"uv": [0.766, 12.016, 0.968, 13.718], "texture": "#texture"},
				"up": {"uv": [0.766, 12.016, 0.984, 12.234], "texture": "#texture"},
				"down": {"uv": [0.766, 13.516, 0.984, 13.734], "texture": "#texture"}
			},
			"type": "cube"
		},
		{
			"name": "cube",
			"from": [1.25, 2, 0],
			"to": [1.5, 4.25, 0.75],
			"faces": {
				"north": {"uv": [0.016, 11.766, 0.218, 13.968], "texture": "#texture"},
				"east": {"uv": [0.718, 11.766, 0.016, 13.968], "texture": "#texture"},
				"south": {"uv": [0.516, 11.766, 0.718, 13.968], "texture": "#texture"},
				"up": {"uv": [0.718, 11.766, 0.016, 11.968], "texture": "#texture", "rotation": 90},
				"down": {"uv": [0.718, 13.766, 0.016, 13.968], "texture": "#texture", "rotation": 90}
			},
			"type": "cube"
		},
		{
			"name": "cube",
			"from": [1.25, 11, 14.5],
			"to": [1.5, 15.75, 15],
			"faces": {
				"north": {"uv": [14.516, 0.266, 14.734, 4.984], "texture": "#texture"},
				"east": {"uv": [14.984, 0.266, 14.516, 4.984], "texture": "#texture"},
				"south": {"uv": [14.766, 0.266, 14.984, 4.984], "texture": "#texture"},
				"up": {"uv": [14.516, 0.266, 14.984, 0.484], "texture": "#front", "rotation": 90},
				"down": {"uv": [14.516, 4.766, 14.984, 4.984], "texture": "#front", "rotation": 270}
			},
			"type": "cube"
		},
		{
			"name": "cube",
			"from": [1.25, 15, 14.25],
			"to": [1.5, 15.5, 14.5],
			"faces": {
				"north": {"uv": [14.266, 0.516, 14.484, 0.984], "texture": "#texture"},
				"east": {"uv": [14.266, 0.516, 14.484, 0.984], "texture": "#texture"},
				"up": {"uv": [14.266, 0.516, 14.484, 0.734], "texture": "#texture"},
				"down": {"uv": [14.266, 0.766, 14.484, 0.984], "texture": "#texture"}
			},
			"type": "cube"
		},
		{
			"name": "cube",
			"from": [1.25, 11.25, 14.25],
			"to": [1.5, 11.75, 14.5],
			"faces": {
				"north": {"uv": [14.266, 4.266, 14.484, 4.734], "texture": "#texture"},
				"east": {"uv": [14.266, 4.266, 14.484, 4.734], "texture": "#texture"},
				"up": {"uv": [14.266, 4.266, 14.484, 4.484], "texture": "#texture"},
				"down": {"uv": [14.266, 4.516, 14.484, 4.734], "texture": "#texture"}
			},
			"type": "cube"
		},
		{
			"name": "cube",
			"from": [1.25, 11.25, 15],
			"to": [1.5, 11.75, 15.25],
			"faces": {
				"east": {"uv": [15.016, 4.266, 15.234, 4.734], "texture": "#texture"},
				"south": {"uv": [15.016, 4.266, 15.234, 4.734], "texture": "#texture"},
				"up": {"uv": [15.016, 4.266, 15.234, 4.484], "texture": "#texture"},
				"down": {"uv": [15.016, 4.516, 15.234, 4.734], "texture": "#texture"}
			},
			"type": "cube"
		},
		{
			"name": "cube",
			"from": [1.25, 15, 15],
			"to": [1.5, 15.5, 15.25],
			"faces": {
				"east": {"uv": [15.016, 0.516, 15.234, 0.984], "texture": "#texture"},
				"south": {"uv": [15.016, 0.516, 15.234, 0.984], "texture": "#texture"},
				"up": {"uv": [15.016, 0.516, 15.234, 0.734], "texture": "#texture"},
				"down": {"uv": [15.016, 0.766, 15.234, 0.984], "texture": "#texture"}
			},
			"type": "cube"
		},
		{
			"name": "cube",
			"from": [-0.25, 15, 15],
			"to": [0, 15.5, 15.25],
			"faces": {
				"south": {"uv": [15.234, 0.516, 15.016, 0.984], "texture": "#texture"},
				"west": {"uv": [15.016, 0.516, 15.234, 0.984], "texture": "#texture"},
				"up": {"uv": [15.016, 0.516, 15.234, 0.734], "texture": "#texture"},
				"down": {"uv": [15.016, 0.766, 15.234, 0.984], "texture": "#texture"}
			},
			"type": "cube"
		},
		{
			"name": "cube",
			"from": [-0.25, 15, 14.25],
			"to": [0, 15.5, 14.5],
			"faces": {
				"north": {"uv": [14.484, 0.516, 14.266, 0.984], "texture": "#texture"},
				"west": {"uv": [14.266, 0.516, 14.484, 0.984], "texture": "#texture"},
				"up": {"uv": [14.484, 0.516, 14.266, 0.734], "texture": "#texture"},
				"down": {"uv": [14.484, 0.766, 14.266, 0.984], "texture": "#texture"}
			},
			"type": "cube"
		},
		{
			"name": "cube",
			"from": [-0.25, 11, 14.5],
			"to": [0, 15.75, 15],
			"faces": {
				"north": {"uv": [14.734, 0.266, 14.516, 4.984], "texture": "#texture"},
				"south": {"uv": [14.984, 0.266, 14.766, 4.984], "texture": "#texture"},
				"west": {"uv": [14.516, 0.266, 14.984, 4.984], "texture": "#texture"},
				"up": {"uv": [14.516, 0.266, 14.984, 0.484], "texture": "#front", "rotation": 90},
				"down": {"uv": [14.984, 4.766, 14.516, 4.984], "texture": "#front", "rotation": 270}
			},
			"type": "cube"
		},
		{
			"name": "cube",
			"from": [-0.25, 11.25, 15],
			"to": [0, 11.75, 15.25],
			"faces": {
				"south": {"uv": [15.016, 4.266, 15.234, 4.734], "texture": "#texture"},
				"west": {"uv": [15.016, 4.266, 15.234, 4.734], "texture": "#texture"},
				"up": {"uv": [15.016, 4.266, 15.234, 4.484], "texture": "#texture"},
				"down": {"uv": [15.016, 4.516, 15.234, 4.734], "texture": "#texture"}
			},
			"type": "cube"
		},
		{
			"name": "cube",
			"from": [-0.25, 11.25, 14.25],
			"to": [0, 11.75, 14.5],
			"faces": {
				"north": {"uv": [14.266, 4.266, 14.484, 4.734], "texture": "#texture"},
				"west": {"uv": [14.266, 4.266, 14.484, 4.734], "texture": "#texture"},
				"up": {"uv": [14.484, 4.266, 14.266, 4.484], "texture": "#texture"},
				"down": {"uv": [14.484, 4.516, 14.266, 4.734], "texture": "#texture"}
			},
			"type": "cube"
		}
	]
}